formatted_com_name,com_name,sci_name,learn_more_link
Acorn_Woodpecker,Acorn Woodpecker,Melanerpes formicivorus,https://www.allaboutbirds.org/guide/Acorn_Woodpecker/overview
African_Collared-Dove,African Collared-Dove,Streptopelia roseogrisea,https://www.allaboutbirds.org/guide/African_Collared-Dove/overview
Alder_Flycatcher,Alder Flycatcher,Empidonax alnorum,https://www.allaboutbirds.org/guide/Alder_Flycatcher/overview
Allens_Hummingbird,Allen's Hummingbird,Selasphorus sasin,https://www.allaboutbirds.org/guide/Allens_Hummingbird/overview
American_Avocet,American Avocet,Recurvirostra americana,https://www.allaboutbirds.org/guide/American_Avocet/overview
American_Bittern,American Bittern,Botaurus lentiginosus,https://www.allaboutbirds.org/guide/American_Bittern/overview
American_Black_Duck,American Black Duck,Anas rubripes,https://www.allaboutbirds.org/guide/American_Black_Duck/overview
American_Coot,American Coot,Fulica americana,https://www.allaboutbirds.org/guide/American_Coot/overview
American_Crow,American Crow,Corvus brachyrhynchos,https://www.allaboutbirds.org/guide/American_Crow/overview
American_Dipper,American Dipper,Cinclus mexicanus,https://www.allaboutbirds.org/guide/American_Dipper/overview
American_Golden-Plover,American Golden-Plover,Pluvialis dominica,https://www.allaboutbirds.org/guide/American_Golden-Plover/overview
American_Goldfinch,American Goldfinch,Spinus tristis,https://www.allaboutbirds.org/guide/American_Goldfinch/overview
American_Goshawk,American Goshawk,Accipiter atricapillus,https://www.allaboutbirds.org/guide/American_Goshawk/overview
American_Kestrel,American Kestrel,Falco sparverius,https://www.allaboutbirds.org/guide/American_Kestrel/overview
American_Pipit,American Pipit,Anthus rubescens,https://www.allaboutbirds.org/guide/American_Pipit/overview
American_Redstart,American Redstart,Setophaga ruticilla,https://www.allaboutbirds.org/guide/American_Redstart/overview
American_Robin,American Robin,Turdus migratorius,https://www.allaboutbirds.org/guide/American_Robin/overview
American_Three-toed_Woodpecker,American Three-toed Woodpecker,Picoides dorsalis,https://www.allaboutbirds.org/guide/American_Three-toed_Woodpecker/overview
American_Tree_Sparrow,American Tree Sparrow,Spizelloides arborea,https://www.allaboutbirds.org/guide/American_Tree_Sparrow/overview
American_White_Pelican,American White Pelican,Pelecanus erythrorhynchos,https://www.allaboutbirds.org/guide/American_White_Pelican/overview
American_Wigeon,American Wigeon,Mareca americana,https://www.allaboutbirds.org/guide/American_Wigeon/overview
Ancient_Murrelet,Ancient Murrelet,Synthliboramphus antiquus,https://www.allaboutbirds.org/guide/Ancient_Murrelet/overview
Annas_Hummingbird,Anna's Hummingbird,Calypte anna,https://www.allaboutbirds.org/guide/Annas_Hummingbird/overview
Arctic_Loon,Arctic Loon,Gavia arctica,https://www.allaboutbirds.org/guide/Arctic_Loon/overview
Arctic_Tern,Arctic Tern,Sterna paradisaea,https://www.allaboutbirds.org/guide/Arctic_Tern/overview
Ash-throated_Flycatcher,Ash-throated Flycatcher,Myiarchus cinerascens,https://www.allaboutbirds.org/guide/Ash-throated_Flycatcher/overview
Ashy_Storm-Petrel,Ashy Storm-Petrel,Hydrobates homochroa,https://www.allaboutbirds.org/guide/Ashy_Storm-Petrel/overview
Baikal_Teal,Baikal Teal,Sibirionetta formosa,https://www.allaboutbirds.org/guide/Baikal_Teal/overview
Bairds_Sandpiper,Baird's Sandpiper,Calidris bairdii,https://www.allaboutbirds.org/guide/Bairds_Sandpiper/overview
Bald_Eagle,Bald Eagle,Haliaeetus leucocephalus,https://www.allaboutbirds.org/guide/Bald_Eagle/overview
Baltimore_Oriole,Baltimore Oriole,Icterus galbula,https://www.allaboutbirds.org/guide/Baltimore_Oriole/overview
Band-tailed_Pigeon,Band-tailed Pigeon,Patagioenas fasciata,https://www.allaboutbirds.org/guide/Band-tailed_Pigeon/overview
Bank_Swallow,Bank Swallow,Riparia riparia,https://www.allaboutbirds.org/guide/Bank_Swallow/overview
Bar-headed_Goose,Bar-headed Goose,Anser indicus,https://www.allaboutbirds.org/guide/Bar-headed_Goose/overview
Bar-tailed_Godwit,Bar-tailed Godwit,Limosa lapponica,https://www.allaboutbirds.org/guide/Bar-tailed_Godwit/overview
Barn_Owl,Barn Owl,Tyto alba,https://www.allaboutbirds.org/guide/Barn_Owl/overview
Barn_Swallow,Barn Swallow,Hirundo rustica,https://www.allaboutbirds.org/guide/Barn_Swallow/overview
Barnacle_Goose,Barnacle Goose,Branta leucopsis,https://www.allaboutbirds.org/guide/Barnacle_Goose/overview
Barred_Owl,Barred Owl,Strix varia,https://www.allaboutbirds.org/guide/Barred_Owl/overview
Barrows_Goldeneye,Barrow's Goldeneye,Bucephala islandica,https://www.allaboutbirds.org/guide/Barrows_Goldeneye/overview
Bay-breasted_Warbler,Bay-breasted Warbler,Setophaga castanea,https://www.allaboutbirds.org/guide/Bay-breasted_Warbler/overview
Bells_Vireo,Bell's Vireo,Vireo bellii,https://www.allaboutbirds.org/guide/Bells_Vireo/overview
Belted_Kingfisher,Belted Kingfisher,Megaceryle alcyon,https://www.allaboutbirds.org/guide/Belted_Kingfisher/overview
Bewicks_Wren,Bewick's Wren,Thryomanes bewickii,https://www.allaboutbirds.org/guide/Bewicks_Wren/overview
Black_Oystercatcher,Black Oystercatcher,Haematopus bachmani,https://www.allaboutbirds.org/guide/Black_Oystercatcher/overview
Black_Phoebe,Black Phoebe,Sayornis nigricans,https://www.allaboutbirds.org/guide/Black_Phoebe/overview
Black_Scoter,Black Scoter,Melanitta americana,https://www.allaboutbirds.org/guide/Black_Scoter/overview
Black_Swan,Black Swan,Cygnus atratus,https://www.allaboutbirds.org/guide/Black_Swan/overview
Black_Swift,Black Swift,Cypseloides niger,https://www.allaboutbirds.org/guide/Black_Swift/overview
Black_Tern,Black Tern,Chlidonias niger,https://www.allaboutbirds.org/guide/Black_Tern/overview
Black_Turnstone,Black Turnstone,Arenaria melanocephala,https://www.allaboutbirds.org/guide/Black_Turnstone/overview
Black-and-white_Mannikin,Black-and-white Mannikin,Spermestes bicolor,https://www.allaboutbirds.org/guide/Black-and-white_Mannikin/overview
Black-and-white_Warbler,Black-and-white Warbler,Mniotilta varia,https://www.allaboutbirds.org/guide/Black-and-white_Warbler/overview
Black-backed_Woodpecker,Black-backed Woodpecker,Picoides arcticus,https://www.allaboutbirds.org/guide/Black-backed_Woodpecker/overview
Black-bellied_Plover,Black-bellied Plover,Pluvialis squatarola,https://www.allaboutbirds.org/guide/Black-bellied_Plover/overview
Black-billed_Cuckoo,Black-billed Cuckoo,Coccyzus erythropthalmus,https://www.allaboutbirds.org/guide/Black-billed_Cuckoo/overview
Black-billed_Magpie,Black-billed Magpie,Pica hudsonia,https://www.allaboutbirds.org/guide/Black-billed_Magpie/overview
Black-capped_Chickadee,Black-capped Chickadee,Poecile atricapillus,https://www.allaboutbirds.org/guide/Black-capped_Chickadee/overview
Black-chinned_Hummingbird,Black-chinned Hummingbird,Archilochus alexandri,https://www.allaboutbirds.org/guide/Black-chinned_Hummingbird/overview
Black-crowned_Night_Heron,Black-crowned Night Heron,Nycticorax nycticorax,https://www.allaboutbirds.org/guide/Black-crowned_Night_Heron/overview
Black-footed_Albatross,Black-footed Albatross,Phoebastria nigripes,https://www.allaboutbirds.org/guide/Black-footed_Albatross/overview
Black-headed_Grosbeak,Black-headed Grosbeak,Pheucticus melanocephalus,https://www.allaboutbirds.org/guide/Black-headed_Grosbeak/overview
Black-headed_Gull,Black-headed Gull,Chroicocephalus ridibundus,https://www.allaboutbirds.org/guide/Black-headed_Gull/overview
Black-legged_Kittiwake,Black-legged Kittiwake,Rissa tridactyla,https://www.allaboutbirds.org/guide/Black-legged_Kittiwake/overview
Black-necked_Stilt,Black-necked Stilt,Himantopus mexicanus,https://www.allaboutbirds.org/guide/Black-necked_Stilt/overview
Black-tailed_Gull,Black-tailed Gull,Larus crassirostris,https://www.allaboutbirds.org/guide/Black-tailed_Gull/overview
Black-throated_Blue_Warbler,Black-throated Blue Warbler,Setophaga caerulescens,https://www.allaboutbirds.org/guide/Black-throated_Blue_Warbler/overview
Black-throated_Gray_Warbler,Black-throated Gray Warbler,Setophaga nigrescens,https://www.allaboutbirds.org/guide/Black-throated_Gray_Warbler/overview
Black-throated_Green_Warbler,Black-throated Green Warbler,Setophaga virens,https://www.allaboutbirds.org/guide/Black-throated_Green_Warbler/overview
Black-throated_Sparrow,Black-throated Sparrow,Amphispiza bilineata,https://www.allaboutbirds.org/guide/Black-throated_Sparrow/overview
Blackburnian_Warbler,Blackburnian Warbler,Setophaga fusca,https://www.allaboutbirds.org/guide/Blackburnian_Warbler/overview
Blackpoll_Warbler,Blackpoll Warbler,Setophaga striata,https://www.allaboutbirds.org/guide/Blackpoll_Warbler/overview
Blue_Grosbeak,Blue Grosbeak,Passerina caerulea,https://www.allaboutbirds.org/guide/Blue_Grosbeak/overview
Blue_Jay,Blue Jay,Cyanocitta cristata,https://www.allaboutbirds.org/guide/Blue_Jay/overview
Blue-and-yellow_Macaw,Blue-and-yellow Macaw,Ara ararauna,https://www.allaboutbirds.org/guide/Blue-and-yellow_Macaw/overview
Blue-footed_Booby,Blue-footed Booby,Sula nebouxii,https://www.allaboutbirds.org/guide/Blue-footed_Booby/overview
Blue-gray_Gnatcatcher,Blue-gray Gnatcatcher,Polioptila caerulea,https://www.allaboutbirds.org/guide/Blue-gray_Gnatcatcher/overview
Blue-headed_Vireo,Blue-headed Vireo,Vireo solitarius,https://www.allaboutbirds.org/guide/Blue-headed_Vireo/overview
Blue-winged_Teal,Blue-winged Teal,Spatula discors,https://www.allaboutbirds.org/guide/Blue-winged_Teal/overview
Blue-winged_Warbler,Blue-winged Warbler,Vermivora cyanoptera,https://www.allaboutbirds.org/guide/Blue-winged_Warbler/overview
Bobolink,Bobolink,Dolichonyx oryzivorus,https://www.allaboutbirds.org/guide/Bobolink/overview
Bohemian_Waxwing,Bohemian Waxwing,Bombycilla garrulus,https://www.allaboutbirds.org/guide/Bohemian_Waxwing/overview
Bonapartes_Gull,Bonaparte's Gull,Chroicocephalus philadelphia,https://www.allaboutbirds.org/guide/Bonapartes_Gull/overview
Boreal_Chickadee,Boreal Chickadee,Poecile hudsonicus,https://www.allaboutbirds.org/guide/Boreal_Chickadee/overview
Boreal_Owl,Boreal Owl,Aegolius funereus,https://www.allaboutbirds.org/guide/Boreal_Owl/overview
Brambling,Brambling,Fringilla montifringilla,https://www.allaboutbirds.org/guide/Brambling/overview
Brandts_Cormorant,Brandt's Cormorant,Urile penicillatus,https://www.allaboutbirds.org/guide/Brandts_Cormorant/overview
Brant,Brant,Branta bernicla,https://www.allaboutbirds.org/guide/Brant/overview
Brewers_Blackbird,Brewer's Blackbird,Euphagus cyanocephalus,https://www.allaboutbirds.org/guide/Brewers_Blackbird/overview
Brewers_Sparrow,Brewer's Sparrow,Spizella breweri,https://www.allaboutbirds.org/guide/Brewers_Sparrow/overview
Bristle-thighed_Curlew,Bristle-thighed Curlew,Numenius tahitiensis,https://www.allaboutbirds.org/guide/Bristle-thighed_Curlew/overview
Broad-billed_Hummingbird,Broad-billed Hummingbird,Cynanthus latirostris,https://www.allaboutbirds.org/guide/Broad-billed_Hummingbird/overview
Broad-tailed_Hummingbird,Broad-tailed Hummingbird,Selasphorus platycercus,https://www.allaboutbirds.org/guide/Broad-tailed_Hummingbird/overview
Broad-winged_Hawk,Broad-winged Hawk,Buteo platypterus,https://www.allaboutbirds.org/guide/Broad-winged_Hawk/overview
Brown_Booby,Brown Booby,Sula leucogaster,https://www.allaboutbirds.org/guide/Brown_Booby/overview
Brown_Creeper,Brown Creeper,Certhia americana,https://www.allaboutbirds.org/guide/Brown_Creeper/overview
Brown_Pelican,Brown Pelican,Pelecanus occidentalis,https://www.allaboutbirds.org/guide/Brown_Pelican/overview
Brown_Thrasher,Brown Thrasher,Toxostoma rufum,https://www.allaboutbirds.org/guide/Brown_Thrasher/overview
Brown-headed_Cowbird,Brown-headed Cowbird,Molothrus ater,https://www.allaboutbirds.org/guide/Brown-headed_Cowbird/overview
Budgerigar,Budgerigar,Melopsittacus undulatus,https://www.allaboutbirds.org/guide/Budgerigar/overview
Buff-breasted_Sandpiper,Buff-breasted Sandpiper,Calidris subruficollis,https://www.allaboutbirds.org/guide/Buff-breasted_Sandpiper/overview
Bufflehead,Bufflehead,Bucephala albeola,https://www.allaboutbirds.org/guide/Bufflehead/overview
Bullers_Shearwater,Buller's Shearwater,Ardenna bulleri,https://www.allaboutbirds.org/guide/Bullers_Shearwater/overview
Bullocks_Oriole,Bullock's Oriole,Icterus bullockii,https://www.allaboutbirds.org/guide/Bullocks_Oriole/overview
Burrowing_Owl,Burrowing Owl,Athene cunicularia,https://www.allaboutbirds.org/guide/Burrowing_Owl/overview
Bushtit,Bushtit,Psaltriparus minimus,https://www.allaboutbirds.org/guide/Bushtit/overview
Cackling_Goose,Cackling Goose,Branta hutchinsii,https://www.allaboutbirds.org/guide/Cackling_Goose/overview
California_Condor,California Condor,Gymnogyps californianus,https://www.allaboutbirds.org/guide/California_Condor/overview
California_Gull,California Gull,Larus californicus,https://www.allaboutbirds.org/guide/California_Gull/overview
California_Quail,California Quail,Callipepla californica,https://www.allaboutbirds.org/guide/California_Quail/overview
California_Scrub-Jay,California Scrub-Jay,Aphelocoma californica,https://www.allaboutbirds.org/guide/California_Scrub-Jay/overview
Calliope_Hummingbird,Calliope Hummingbird,Selasphorus calliope,https://www.allaboutbirds.org/guide/Calliope_Hummingbird/overview
Canada_Goose,Canada Goose,Branta canadensis,https://www.allaboutbirds.org/guide/Canada_Goose/overview
Canada_Jay,Canada Jay,Perisoreus canadensis,https://www.allaboutbirds.org/guide/Canada_Jay/overview
Canada_Warbler,Canada Warbler,Cardellina canadensis,https://www.allaboutbirds.org/guide/Canada_Warbler/overview
Canvasback,Canvasback,Aythya valisineria,https://www.allaboutbirds.org/guide/Canvasback/overview
Canyon_Wren,Canyon Wren,Catherpes mexicanus,https://www.allaboutbirds.org/guide/Canyon_Wren/overview
Cape_May_Warbler,Cape May Warbler,Setophaga tigrina,https://www.allaboutbirds.org/guide/Cape_May_Warbler/overview
Caspian_Tern,Caspian Tern,Hydroprogne caspia,https://www.allaboutbirds.org/guide/Caspian_Tern/overview
Cassins_Auklet,Cassin's Auklet,Ptychoramphus aleuticus,https://www.allaboutbirds.org/guide/Cassins_Auklet/overview
Cassins_Finch,Cassin's Finch,Haemorhous cassinii,https://www.allaboutbirds.org/guide/Cassins_Finch/overview
Cassins_Sparrow,Cassin's Sparrow,Peucaea cassinii,https://www.allaboutbirds.org/guide/Cassins_Sparrow/overview
Cassins_Vireo,Cassin's Vireo,Vireo cassinii,https://www.allaboutbirds.org/guide/Cassins_Vireo/overview
Cedar_Waxwing,Cedar Waxwing,Bombycilla cedrorum,https://www.allaboutbirds.org/guide/Cedar_Waxwing/overview
Chestnut-backed_Chickadee,Chestnut-backed Chickadee,Poecile rufescens,https://www.allaboutbirds.org/guide/Chestnut-backed_Chickadee/overview
Chestnut-collared_Longspur,Chestnut-collared Longspur,Calcarius ornatus,https://www.allaboutbirds.org/guide/Chestnut-collared_Longspur/overview
Chestnut-sided_Warbler,Chestnut-sided Warbler,Setophaga pensylvanica,https://www.allaboutbirds.org/guide/Chestnut-sided_Warbler/overview
Chilean_Tinamou,Chilean Tinamou,Nothoprocta perdicaria,https://www.allaboutbirds.org/guide/Chilean_Tinamou/overview
Chipping_Sparrow,Chipping Sparrow,Spizella passerina,https://www.allaboutbirds.org/guide/Chipping_Sparrow/overview
Chukar,Chukar,Alectoris chukar,https://www.allaboutbirds.org/guide/Chukar/overview
Cinnamon_Teal,Cinnamon Teal,Spatula cyanoptera,https://www.allaboutbirds.org/guide/Cinnamon_Teal/overview
Clarks_Grebe,Clark's Grebe,Aechmophorus clarkii,https://www.allaboutbirds.org/guide/Clarks_Grebe/overview
Clarks_Nutcracker,Clark's Nutcracker,Nucifraga columbiana,https://www.allaboutbirds.org/guide/Clarks_Nutcracker/overview
Clay-colored_Sparrow,Clay-colored Sparrow,Spizella pallida,https://www.allaboutbirds.org/guide/Clay-colored_Sparrow/overview
Cliff_Swallow,Cliff Swallow,Petrochelidon pyrrhonota,https://www.allaboutbirds.org/guide/Cliff_Swallow/overview
Cockatiel,Cockatiel,Nymphicus hollandicus,https://www.allaboutbirds.org/guide/Cockatiel/overview
Common_Crane,Common Crane,Grus grus,https://www.allaboutbirds.org/guide/Common_Crane/overview
Common_Eider,Common Eider,Somateria mollissima,https://www.allaboutbirds.org/guide/Common_Eider/overview
Common_Goldeneye,Common Goldeneye,Bucephala clangula,https://www.allaboutbirds.org/guide/Common_Goldeneye/overview
Common_Grackle,Common Grackle,Quiscalus quiscula,https://www.allaboutbirds.org/guide/Common_Grackle/overview
Common_Loon,Common Loon,Gavia immer,https://www.allaboutbirds.org/guide/Common_Loon/overview
Common_Merganser,Common Merganser,Mergus merganser,https://www.allaboutbirds.org/guide/Common_Merganser/overview
Common_Murre,Common Murre,Uria aalge,https://www.allaboutbirds.org/guide/Common_Murre/overview
Common_Nighthawk,Common Nighthawk,Chordeiles minor,https://www.allaboutbirds.org/guide/Common_Nighthawk/overview
Common_Poorwill,Common Poorwill,Phalaenoptilus nuttallii,https://www.allaboutbirds.org/guide/Common_Poorwill/overview
Common_Raven,Common Raven,Corvus corax,https://www.allaboutbirds.org/guide/Common_Raven/overview
Common_Redpoll,Common Redpoll,Acanthis flammea,https://www.allaboutbirds.org/guide/Common_Redpoll/overview
Common_Ringed_Plover,Common Ringed Plover,Charadrius hiaticula,https://www.allaboutbirds.org/guide/Common_Ringed_Plover/overview
Common_Tern,Common Tern,Sterna hirundo,https://www.allaboutbirds.org/guide/Common_Tern/overview
Common_Yellowthroat,Common Yellowthroat,Geothlypis trichas,https://www.allaboutbirds.org/guide/Common_Yellowthroat/overview
Cooks_Petrel,Cook's Petrel,Pterodroma cookii,https://www.allaboutbirds.org/guide/Cooks_Petrel/overview
Coopers_Hawk,Cooper's Hawk,Accipiter cooperii,https://www.allaboutbirds.org/guide/Coopers_Hawk/overview
Costas_Hummingbird,Costa's Hummingbird,Calypte costae,https://www.allaboutbirds.org/guide/Costas_Hummingbird/overview
Crested_Auklet,Crested Auklet,Aethia cristatella,https://www.allaboutbirds.org/guide/Crested_Auklet/overview
Crested_Caracara,Crested Caracara,Caracara plancus,https://www.allaboutbirds.org/guide/Crested_Caracara/overview
Curlew_Sandpiper,Curlew Sandpiper,Calidris ferruginea,https://www.allaboutbirds.org/guide/Curlew_Sandpiper/overview
Dark-eyed_Junco,Dark-eyed Junco,Junco hyemalis,https://www.allaboutbirds.org/guide/Dark-eyed_Junco/overview
Dickcissel,Dickcissel,Spiza americana,https://www.allaboutbirds.org/guide/Dickcissel/overview
Double-crested_Cormorant,Double-crested Cormorant,Nannopterum auritum,https://www.allaboutbirds.org/guide/Double-crested_Cormorant/overview
Downy_Woodpecker,Downy Woodpecker,Dryobates pubescens,https://www.allaboutbirds.org/guide/Downy_Woodpecker/overview
Dunlin,Dunlin,Calidris alpina,https://www.allaboutbirds.org/guide/Dunlin/overview
Dusky_Flycatcher,Dusky Flycatcher,Empidonax oberholseri,https://www.allaboutbirds.org/guide/Dusky_Flycatcher/overview
Dusky_Grouse,Dusky Grouse,Dendragapus obscurus,https://www.allaboutbirds.org/guide/Dusky_Grouse/overview
Dusky_Thrush,Dusky Thrush,Turdus eunomus,https://www.allaboutbirds.org/guide/Dusky_Thrush/overview
Dusky-capped_Flycatcher,Dusky-capped Flycatcher,Myiarchus tuberculifer,https://www.allaboutbirds.org/guide/Dusky-capped_Flycatcher/overview
Eared_Grebe,Eared Grebe,Podiceps nigricollis,https://www.allaboutbirds.org/guide/Eared_Grebe/overview
Eastern_Bluebird,Eastern Bluebird,Sialia sialis,https://www.allaboutbirds.org/guide/Eastern_Bluebird/overview
Eastern_Kingbird,Eastern Kingbird,Tyrannus tyrannus,https://www.allaboutbirds.org/guide/Eastern_Kingbird/overview
Eastern_Meadowlark,Eastern Meadowlark,Sturnella magna,https://www.allaboutbirds.org/guide/Eastern_Meadowlark/overview
Eastern_Phoebe,Eastern Phoebe,Sayornis phoebe,https://www.allaboutbirds.org/guide/Eastern_Phoebe/overview
Eastern_Wood-Pewee,Eastern Wood-Pewee,Contopus virens,https://www.allaboutbirds.org/guide/Eastern_Wood-Pewee/overview
Eastern_Yellow_Wagtail,Eastern Yellow Wagtail,Motacilla tschutschensis,https://www.allaboutbirds.org/guide/Eastern_Yellow_Wagtail/overview
Egyptian_Goose,Egyptian Goose,Alopochen aegyptiaca,https://www.allaboutbirds.org/guide/Egyptian_Goose/overview
Elegant_Tern,Elegant Tern,Thalasseus elegans,https://www.allaboutbirds.org/guide/Elegant_Tern/overview
Emperor_Goose,Emperor Goose,Anser canagicus,https://www.allaboutbirds.org/guide/Emperor_Goose/overview
Emu,Emu,Dromaius novaehollandiae,https://www.allaboutbirds.org/guide/Emu/overview
Eurasian_Collared-Dove,Eurasian Collared-Dove,Streptopelia decaocto,https://www.allaboutbirds.org/guide/Eurasian_Collared-Dove/overview
Eurasian_Dotterel,Eurasian Dotterel,Eudromias morinellus,https://www.allaboutbirds.org/guide/Eurasian_Dotterel/overview
Eurasian_Hobby,Eurasian Hobby,Falco subbuteo,https://www.allaboutbirds.org/guide/Eurasian_Hobby/overview
Eurasian_Kestrel,Eurasian Kestrel,Falco tinnunculus,https://www.allaboutbirds.org/guide/Eurasian_Kestrel/overview
Eurasian_Skylark,Eurasian Skylark,Alauda arvensis,https://www.allaboutbirds.org/guide/Eurasian_Skylark/overview
Eurasian_Tree_Sparrow,Eurasian Tree Sparrow,Passer montanus,https://www.allaboutbirds.org/guide/Eurasian_Tree_Sparrow/overview
Eurasian_Wigeon,Eurasian Wigeon,Mareca penelope,https://www.allaboutbirds.org/guide/Eurasian_Wigeon/overview
European_Goldfinch,European Goldfinch,Carduelis carduelis,https://www.allaboutbirds.org/guide/European_Goldfinch/overview
European_Starling,European Starling,Sturnus vulgaris,https://www.allaboutbirds.org/guide/European_Starling/overview
Evening_Grosbeak,Evening Grosbeak,Coccothraustes vespertinus,https://www.allaboutbirds.org/guide/Evening_Grosbeak/overview
Falcated_Duck,Falcated Duck,Mareca falcata,https://www.allaboutbirds.org/guide/Falcated_Duck/overview
Ferruginous_Hawk,Ferruginous Hawk,Buteo regalis,https://www.allaboutbirds.org/guide/Ferruginous_Hawk/overview
Field_Sparrow,Field Sparrow,Spizella pusilla,https://www.allaboutbirds.org/guide/Field_Sparrow/overview
Flammulated_Owl,Flammulated Owl,Psiloscops flammeolus,https://www.allaboutbirds.org/guide/Flammulated_Owl/overview
Flesh-footed_Shearwater,Flesh-footed Shearwater,Ardenna carneipes,https://www.allaboutbirds.org/guide/Flesh-footed_Shearwater/overview
Fork-tailed_Flycatcher,Fork-tailed Flycatcher,Tyrannus savana,https://www.allaboutbirds.org/guide/Fork-tailed_Flycatcher/overview
Fork-tailed_Storm-Petrel,Fork-tailed Storm-Petrel,Hydrobates furcatus,https://www.allaboutbirds.org/guide/Fork-tailed_Storm-Petrel/overview
Forsters_Tern,Forster's Tern,Sterna forsteri,https://www.allaboutbirds.org/guide/Forsters_Tern/overview
Fox_Sparrow,Fox Sparrow,Passerella iliaca,https://www.allaboutbirds.org/guide/Fox_Sparrow/overview
Franklins_Gull,Franklin's Gull,Leucophaeus pipixcan,https://www.allaboutbirds.org/guide/Franklins_Gull/overview
Fulvous_Whistling-Duck,Fulvous Whistling-Duck,Dendrocygna bicolor,https://www.allaboutbirds.org/guide/Fulvous_Whistling-Duck/overview
Gadwall,Gadwall,Mareca strepera,https://www.allaboutbirds.org/guide/Gadwall/overview
Garganey,Garganey,Spatula querquedula,https://www.allaboutbirds.org/guide/Garganey/overview
Giant_Wood-Rail,Giant Wood-Rail,Aramides ypecaha,https://www.allaboutbirds.org/guide/Giant_Wood-Rail/overview
Glaucous_Gull,Glaucous Gull,Larus hyperboreus,https://www.allaboutbirds.org/guide/Glaucous_Gull/overview
Glaucous-winged_Gull,Glaucous-winged Gull,Larus glaucescens,https://www.allaboutbirds.org/guide/Glaucous-winged_Gull/overview
Glossy_Ibis,Glossy Ibis,Plegadis falcinellus,https://www.allaboutbirds.org/guide/Glossy_Ibis/overview
Golden_Eagle,Golden Eagle,Aquila chrysaetos,https://www.allaboutbirds.org/guide/Golden_Eagle/overview
Golden_Pheasant,Golden Pheasant,Chrysolophus pictus,https://www.allaboutbirds.org/guide/Golden_Pheasant/overview
Golden-crowned_Kinglet,Golden-crowned Kinglet,Regulus satrapa,https://www.allaboutbirds.org/guide/Golden-crowned_Kinglet/overview
Golden-crowned_Sparrow,Golden-crowned Sparrow,Zonotrichia atricapilla,https://www.allaboutbirds.org/guide/Golden-crowned_Sparrow/overview
Golden-winged_Warbler,Golden-winged Warbler,Vermivora chrysoptera,https://www.allaboutbirds.org/guide/Golden-winged_Warbler/overview
Grasshopper_Sparrow,Grasshopper Sparrow,Ammodramus savannarum,https://www.allaboutbirds.org/guide/Grasshopper_Sparrow/overview
Gray_Catbird,Gray Catbird,Dumetella carolinensis,https://www.allaboutbirds.org/guide/Gray_Catbird/overview
Gray_Crowned-Crane,Gray Crowned-Crane,Balearica regulorum,https://www.allaboutbirds.org/guide/Gray_Crowned-Crane/overview
Gray_Flycatcher,Gray Flycatcher,Empidonax wrightii,https://www.allaboutbirds.org/guide/Gray_Flycatcher/overview
Gray_Partridge,Gray Partridge,Perdix perdix,https://www.allaboutbirds.org/guide/Gray_Partridge/overview
Gray_Wagtail,Gray Wagtail,Motacilla cinerea,https://www.allaboutbirds.org/guide/Gray_Wagtail/overview
Gray-crowned_Rosy-Finch,Gray-crowned Rosy-Finch,Leucosticte tephrocotis,https://www.allaboutbirds.org/guide/Gray-crowned_Rosy-Finch/overview
Gray-tailed_Tattler,Gray-tailed Tattler,Tringa brevipes,https://www.allaboutbirds.org/guide/Gray-tailed_Tattler/overview
Graylag_Goose,Graylag Goose,Anser anser,https://www.allaboutbirds.org/guide/Graylag_Goose/overview
Great_Black-backed_Gull,Great Black-backed Gull,Larus marinus,https://www.allaboutbirds.org/guide/Great_Black-backed_Gull/overview
Great_Blue_Heron,Great Blue Heron,Ardea herodias,https://www.allaboutbirds.org/guide/Great_Blue_Heron/overview
Great_Egret,Great Egret,Ardea alba,https://www.allaboutbirds.org/guide/Great_Egret/overview
Great_Gray_Owl,Great Gray Owl,Strix nebulosa,https://www.allaboutbirds.org/guide/Great_Gray_Owl/overview
Great_Horned_Owl,Great Horned Owl,Bubo virginianus,https://www.allaboutbirds.org/guide/Great_Horned_Owl/overview
Great_Knot,Great Knot,Calidris tenuirostris,https://www.allaboutbirds.org/guide/Great_Knot/overview
Great_Shearwater,Great Shearwater,Ardenna gravis,https://www.allaboutbirds.org/guide/Great_Shearwater/overview
Great-tailed_Grackle,Great-tailed Grackle,Quiscalus mexicanus,https://www.allaboutbirds.org/guide/Great-tailed_Grackle/overview
Greater_Pewee,Greater Pewee,Contopus pertinax,https://www.allaboutbirds.org/guide/Greater_Pewee/overview
Greater_Sage-Grouse,Greater Sage-Grouse,Centrocercus urophasianus,https://www.allaboutbirds.org/guide/Greater_Sage-Grouse/overview
Greater_Scaup,Greater Scaup,Aythya marila,https://www.allaboutbirds.org/guide/Greater_Scaup/overview
Greater_White-fronted_Goose,Greater White-fronted Goose,Anser albifrons,https://www.allaboutbirds.org/guide/Greater_White-fronted_Goose/overview
Greater_Yellowlegs,Greater Yellowlegs,Tringa melanoleuca,https://www.allaboutbirds.org/guide/Greater_Yellowlegs/overview
Green_Heron,Green Heron,Butorides virescens,https://www.allaboutbirds.org/guide/Green_Heron/overview
Green_Pheasant,Green Pheasant,Phasianus versicolor,https://www.allaboutbirds.org/guide/Green_Pheasant/overview
Green-tailed_Towhee,Green-tailed Towhee,Pipilo chlorurus,https://www.allaboutbirds.org/guide/Green-tailed_Towhee/overview
Green-winged_Teal,Green-winged Teal,Anas crecca,https://www.allaboutbirds.org/guide/Green-winged_Teal/overview
Guadalupe_Murrelet,Guadalupe Murrelet,Synthliboramphus hypoleucus,https://www.allaboutbirds.org/guide/Guadalupe_Murrelet/overview
Gyrfalcon,Gyrfalcon,Falco rusticolus,https://www.allaboutbirds.org/guide/Gyrfalcon/overview
Hairy_Woodpecker,Hairy Woodpecker,Dryobates villosus,https://www.allaboutbirds.org/guide/Hairy_Woodpecker/overview
Hammonds_Flycatcher,Hammond's Flycatcher,Empidonax hammondii,https://www.allaboutbirds.org/guide/Hammonds_Flycatcher/overview
Harlequin_Duck,Harlequin Duck,Histrionicus histrionicus,https://www.allaboutbirds.org/guide/Harlequin_Duck/overview
Harriss_Hawk,Harris's Hawk,Parabuteo unicinctus,https://www.allaboutbirds.org/guide/Harriss_Hawk/overview
Harriss_Sparrow,Harris's Sparrow,Zonotrichia querula,https://www.allaboutbirds.org/guide/Harriss_Sparrow/overview
Hawaiian_Petrel,Hawaiian Petrel,Pterodroma sandwichensis,https://www.allaboutbirds.org/guide/Hawaiian_Petrel/overview
Heermanns_Gull,Heermann's Gull,Larus heermanni,https://www.allaboutbirds.org/guide/Heermanns_Gull/overview
Helmeted_Guineafowl,Helmeted Guineafowl,Numida meleagris,https://www.allaboutbirds.org/guide/Helmeted_Guineafowl/overview
Hermit_Thrush,Hermit Thrush,Catharus guttatus,https://www.allaboutbirds.org/guide/Hermit_Thrush/overview
Hermit_Warbler,Hermit Warbler,Setophaga occidentalis,https://www.allaboutbirds.org/guide/Hermit_Warbler/overview
Herring_Gull,Herring Gull,Larus argentatus,https://www.allaboutbirds.org/guide/Herring_Gull/overview
Hoary_Redpoll,Hoary Redpoll,Acanthis hornemanni,https://www.allaboutbirds.org/guide/Hoary_Redpoll/overview
Hooded_Merganser,Hooded Merganser,Lophodytes cucullatus,https://www.allaboutbirds.org/guide/Hooded_Merganser/overview
Hooded_Oriole,Hooded Oriole,Icterus cucullatus,https://www.allaboutbirds.org/guide/Hooded_Oriole/overview
Hooded_Warbler,Hooded Warbler,Setophaga citrina,https://www.allaboutbirds.org/guide/Hooded_Warbler/overview
Horned_Grebe,Horned Grebe,Podiceps auritus,https://www.allaboutbirds.org/guide/Horned_Grebe/overview
Horned_Lark,Horned Lark,Eremophila alpestris,https://www.allaboutbirds.org/guide/Horned_Lark/overview
Horned_Puffin,Horned Puffin,Fratercula corniculata,https://www.allaboutbirds.org/guide/Horned_Puffin/overview
House_Finch,House Finch,Haemorhous mexicanus,https://www.allaboutbirds.org/guide/House_Finch/overview
House_Sparrow,House Sparrow,Passer domesticus,https://www.allaboutbirds.org/guide/House_Sparrow/overview
House_Wren,House Wren,Troglodytes aedon,https://www.allaboutbirds.org/guide/House_Wren/overview
Hudsonian_Godwit,Hudsonian Godwit,Limosa haemastica,https://www.allaboutbirds.org/guide/Hudsonian_Godwit/overview
Huttons_Vireo,Hutton's Vireo,Vireo huttoni,https://www.allaboutbirds.org/guide/Huttons_Vireo/overview
Iceland_Gull,Iceland Gull,Larus glaucoides,https://www.allaboutbirds.org/guide/Iceland_Gull/overview
Indian_Peafowl,Indian Peafowl,Pavo cristatus,https://www.allaboutbirds.org/guide/Indian_Peafowl/overview
Indigo_Bunting,Indigo Bunting,Passerina cyanea,https://www.allaboutbirds.org/guide/Indigo_Bunting/overview
Ivory_Gull,Ivory Gull,Pagophila eburnea,https://www.allaboutbirds.org/guide/Ivory_Gull/overview
Jack_Snipe,Jack Snipe,Lymnocryptes minimus,https://www.allaboutbirds.org/guide/Jack_Snipe/overview
Killdeer,Killdeer,Charadrius vociferus,https://www.allaboutbirds.org/guide/Killdeer/overview
King_Eider,King Eider,Somateria spectabilis,https://www.allaboutbirds.org/guide/King_Eider/overview
Kittlitzs_Murrelet,Kittlitz's Murrelet,Brachyramphus brevirostris,https://www.allaboutbirds.org/guide/Kittlitzs_Murrelet/overview
Lapland_Longspur,Lapland Longspur,Calcarius lapponicus,https://www.allaboutbirds.org/guide/Lapland_Longspur/overview
Lark_Bunting,Lark Bunting,Calamospiza melanocorys,https://www.allaboutbirds.org/guide/Lark_Bunting/overview
Lark_Sparrow,Lark Sparrow,Chondestes grammacus,https://www.allaboutbirds.org/guide/Lark_Sparrow/overview
Laughing_Gull,Laughing Gull,Leucophaeus atricilla,https://www.allaboutbirds.org/guide/Laughing_Gull/overview
Lawrences_Goldfinch,Lawrence's Goldfinch,Spinus lawrencei,https://www.allaboutbirds.org/guide/Lawrences_Goldfinch/overview
Laysan_Albatross,Laysan Albatross,Phoebastria immutabilis,https://www.allaboutbirds.org/guide/Laysan_Albatross/overview
Lazuli_Bunting,Lazuli Bunting,Passerina amoena,https://www.allaboutbirds.org/guide/Lazuli_Bunting/overview
Leachs_Storm-Petrel,Leach's Storm-Petrel,Hydrobates leucorhous,https://www.allaboutbirds.org/guide/Leachs_Storm-Petrel/overview
Least_Auklet,Least Auklet,Aethia pusilla,https://www.allaboutbirds.org/guide/Least_Auklet/overview
Least_Flycatcher,Least Flycatcher,Empidonax minimus,https://www.allaboutbirds.org/guide/Least_Flycatcher/overview
Least_Sandpiper,Least Sandpiper,Calidris minutilla,https://www.allaboutbirds.org/guide/Least_Sandpiper/overview
Least_Tern,Least Tern,Sternula antillarum,https://www.allaboutbirds.org/guide/Least_Tern/overview
LeContes_Sparrow,LeConte's Sparrow,Ammospiza leconteii,https://www.allaboutbirds.org/guide/LeContes_Sparrow/overview
Lesser_Black-backed_Gull,Lesser Black-backed Gull,Larus fuscus,https://www.allaboutbirds.org/guide/Lesser_Black-backed_Gull/overview
Lesser_Goldfinch,Lesser Goldfinch,Spinus psaltria,https://www.allaboutbirds.org/guide/Lesser_Goldfinch/overview
Lesser_Nighthawk,Lesser Nighthawk,Chordeiles acutipennis,https://www.allaboutbirds.org/guide/Lesser_Nighthawk/overview
Lesser_Scaup,Lesser Scaup,Aythya affinis,https://www.allaboutbirds.org/guide/Lesser_Scaup/overview
Lesser_Yellowlegs,Lesser Yellowlegs,Tringa flavipes,https://www.allaboutbirds.org/guide/Lesser_Yellowlegs/overview
Lewiss_Woodpecker,Lewis's Woodpecker,Melanerpes lewis,https://www.allaboutbirds.org/guide/Lewiss_Woodpecker/overview
Lincolns_Sparrow,Lincoln's Sparrow,Melospiza lincolnii,https://www.allaboutbirds.org/guide/Lincolns_Sparrow/overview
Little_Blue_Heron,Little Blue Heron,Egretta caerulea,https://www.allaboutbirds.org/guide/Little_Blue_Heron/overview
Little_Bunting,Little Bunting,Emberiza pusilla,https://www.allaboutbirds.org/guide/Little_Bunting/overview
Little_Gull,Little Gull,Hydrocoloeus minutus,https://www.allaboutbirds.org/guide/Little_Gull/overview
Little_Stint,Little Stint,Calidris minuta,https://www.allaboutbirds.org/guide/Little_Stint/overview
Loggerhead_Shrike,Loggerhead Shrike,Lanius ludovicianus,https://www.allaboutbirds.org/guide/Loggerhead_Shrike/overview
Long-billed_Curlew,Long-billed Curlew,Numenius americanus,https://www.allaboutbirds.org/guide/Long-billed_Curlew/overview
Long-billed_Dowitcher,Long-billed Dowitcher,Limnodromus scolopaceus,https://www.allaboutbirds.org/guide/Long-billed_Dowitcher/overview
Long-billed_Murrelet,Long-billed Murrelet,Brachyramphus perdix,https://www.allaboutbirds.org/guide/Long-billed_Murrelet/overview
Long-eared_Owl,Long-eared Owl,Asio otus,https://www.allaboutbirds.org/guide/Long-eared_Owl/overview
Long-tailed_Duck,Long-tailed Duck,Clangula hyemalis,https://www.allaboutbirds.org/guide/Long-tailed_Duck/overview
Long-tailed_Jaeger,Long-tailed Jaeger,Stercorarius longicaudus,https://www.allaboutbirds.org/guide/Long-tailed_Jaeger/overview
Long-tailed_Mockingbird,Long-tailed Mockingbird,Mimus longicaudatus,https://www.allaboutbirds.org/guide/Long-tailed_Mockingbird/overview
Lucys_Warbler,Lucy's Warbler,Leiothlypis luciae,https://www.allaboutbirds.org/guide/Lucys_Warbler/overview
MacGillivrays_Warbler,MacGillivray's Warbler,Geothlypis tolmiei,https://www.allaboutbirds.org/guide/MacGillivrays_Warbler/overview
Magnificent_Frigatebird,Magnificent Frigatebird,Fregata magnificens,https://www.allaboutbirds.org/guide/Magnificent_Frigatebird/overview
Magnolia_Warbler,Magnolia Warbler,Setophaga magnolia,https://www.allaboutbirds.org/guide/Magnolia_Warbler/overview
Mallard,Mallard,Anas platyrhynchos,https://www.allaboutbirds.org/guide/Mallard/overview
Mandarin_Duck,Mandarin Duck,Aix galericulata,https://www.allaboutbirds.org/guide/Mandarin_Duck/overview
Manx_Shearwater,Manx Shearwater,Puffinus puffinus,https://www.allaboutbirds.org/guide/Manx_Shearwater/overview
Marbled_Godwit,Marbled Godwit,Limosa fedoa,https://www.allaboutbirds.org/guide/Marbled_Godwit/overview
Marbled_Murrelet,Marbled Murrelet,Brachyramphus marmoratus,https://www.allaboutbirds.org/guide/Marbled_Murrelet/overview
Marsh_Wren,Marsh Wren,Cistothorus palustris,https://www.allaboutbirds.org/guide/Marsh_Wren/overview
McKays_Bunting,McKay's Bunting,Plectrophenax hyperboreus,https://www.allaboutbirds.org/guide/McKays_Bunting/overview
Merlin,Merlin,Falco columbarius,https://www.allaboutbirds.org/guide/Merlin/overview
Military_Macaw,Military Macaw,Ara militaris,https://www.allaboutbirds.org/guide/Military_Macaw/overview
Mitred_Parakeet,Mitred Parakeet,Psittacara mitratus,https://www.allaboutbirds.org/guide/Mitred_Parakeet/overview
Monk_Parakeet,Monk Parakeet,Myiopsitta monachus,https://www.allaboutbirds.org/guide/Monk_Parakeet/overview
Mottled_Petrel,Mottled Petrel,Pterodroma inexpectata,https://www.allaboutbirds.org/guide/Mottled_Petrel/overview
Mountain_Bluebird,Mountain Bluebird,Sialia currucoides,https://www.allaboutbirds.org/guide/Mountain_Bluebird/overview
Mountain_Chickadee,Mountain Chickadee,Poecile gambeli,https://www.allaboutbirds.org/guide/Mountain_Chickadee/overview
Mountain_Plover,Mountain Plover,Anarhynchus montanus,https://www.allaboutbirds.org/guide/Mountain_Plover/overview
Mountain_Quail,Mountain Quail,Oreortyx pictus,https://www.allaboutbirds.org/guide/Mountain_Quail/overview
Mourning_Dove,Mourning Dove,Zenaida macroura,https://www.allaboutbirds.org/guide/Mourning_Dove/overview
Mourning_Warbler,Mourning Warbler,Geothlypis philadelphia,https://www.allaboutbirds.org/guide/Mourning_Warbler/overview
Murphys_Petrel,Murphy's Petrel,Pterodroma ultima,https://www.allaboutbirds.org/guide/Murphys_Petrel/overview
Muscovy_Duck,Muscovy Duck,Cairina moschata,https://www.allaboutbirds.org/guide/Muscovy_Duck/overview
Mute_Swan,Mute Swan,Cygnus olor,https://www.allaboutbirds.org/guide/Mute_Swan/overview
Nashville_Warbler,Nashville Warbler,Leiothlypis ruficapilla,https://www.allaboutbirds.org/guide/Nashville_Warbler/overview
Nazca_Booby,Nazca Booby,Sula granti,https://www.allaboutbirds.org/guide/Nazca_Booby/overview
Nelsons_Sparrow,Nelson's Sparrow,Ammospiza nelsoni,https://www.allaboutbirds.org/guide/Nelsons_Sparrow/overview
Northern_Bobwhite,Northern Bobwhite,Colinus virginianus,https://www.allaboutbirds.org/guide/Northern_Bobwhite/overview
Northern_Flicker,Northern Flicker,Colaptes auratus,https://www.allaboutbirds.org/guide/Northern_Flicker/overview
Northern_Fulmar,Northern Fulmar,Fulmarus glacialis,https://www.allaboutbirds.org/guide/Northern_Fulmar/overview
Northern_Giant-Petrel,Northern Giant-Petrel,Macronectes halli,https://www.allaboutbirds.org/guide/Northern_Giant-Petrel/overview
Northern_Harrier,Northern Harrier,Circus hudsonius,https://www.allaboutbirds.org/guide/Northern_Harrier/overview
Northern_Hawk_Owl,Northern Hawk Owl,Surnia ulula,https://www.allaboutbirds.org/guide/Northern_Hawk_Owl/overview
Northern_Mockingbird,Northern Mockingbird,Mimus polyglottos,https://www.allaboutbirds.org/guide/Northern_Mockingbird/overview
Northern_Parula,Northern Parula,Setophaga americana,https://www.allaboutbirds.org/guide/Northern_Parula/overview
Northern_Pintail,Northern Pintail,Anas acuta,https://www.allaboutbirds.org/guide/Northern_Pintail/overview
Northern_Pygmy-Owl,Northern Pygmy-Owl,Glaucidium gnoma,https://www.allaboutbirds.org/guide/Northern_Pygmy-Owl/overview
Northern_Red_Bishop,Northern Red Bishop,Euplectes franciscanus,https://www.allaboutbirds.org/guide/Northern_Red_Bishop/overview
Northern_Rough-winged_Swallow,Northern Rough-winged Swallow,Stelgidopteryx serripennis,https://www.allaboutbirds.org/guide/Northern_Rough-winged_Swallow/overview
Northern_Saw-whet_Owl,Northern Saw-whet Owl,Aegolius acadicus,https://www.allaboutbirds.org/guide/Northern_Saw-whet_Owl/overview
Northern_Shoveler,Northern Shoveler,Spatula clypeata,https://www.allaboutbirds.org/guide/Northern_Shoveler/overview
Northern_Shrike,Northern Shrike,Lanius borealis,https://www.allaboutbirds.org/guide/Northern_Shrike/overview
Northern_Waterthrush,Northern Waterthrush,Parkesia noveboracensis,https://www.allaboutbirds.org/guide/Northern_Waterthrush/overview
Northern_Wheatear,Northern Wheatear,Oenanthe oenanthe,https://www.allaboutbirds.org/guide/Northern_Wheatear/overview
Olive-sided_Flycatcher,Olive-sided Flycatcher,Contopus cooperi,https://www.allaboutbirds.org/guide/Olive-sided_Flycatcher/overview
Orange-crowned_Warbler,Orange-crowned Warbler,Leiothlypis celata,https://www.allaboutbirds.org/guide/Orange-crowned_Warbler/overview
Orchard_Oriole,Orchard Oriole,Icterus spurius,https://www.allaboutbirds.org/guide/Orchard_Oriole/overview
Osprey,Osprey,Pandion haliaetus,https://www.allaboutbirds.org/guide/Osprey/overview
Ovenbird,Ovenbird,Seiurus aurocapilla,https://www.allaboutbirds.org/guide/Ovenbird/overview
Pacific_Golden-Plover,Pacific Golden-Plover,Pluvialis fulva,https://www.allaboutbirds.org/guide/Pacific_Golden-Plover/overview
Pacific_Loon,Pacific Loon,Gavia pacifica,https://www.allaboutbirds.org/guide/Pacific_Loon/overview
Pacific_Wren,Pacific Wren,Troglodytes pacificus,https://www.allaboutbirds.org/guide/Pacific_Wren/overview
Painted_Bunting,Painted Bunting,Passerina ciris,https://www.allaboutbirds.org/guide/Painted_Bunting/overview
Painted_Redstart,Painted Redstart,Myioborus pictus,https://www.allaboutbirds.org/guide/Painted_Redstart/overview
Palm_Warbler,Palm Warbler,Setophaga palmarum,https://www.allaboutbirds.org/guide/Palm_Warbler/overview
Parakeet_Auklet,Parakeet Auklet,Aethia psittacula,https://www.allaboutbirds.org/guide/Parakeet_Auklet/overview
Parasitic_Jaeger,Parasitic Jaeger,Stercorarius parasiticus,https://www.allaboutbirds.org/guide/Parasitic_Jaeger/overview
Pectoral_Sandpiper,Pectoral Sandpiper,Calidris melanotos,https://www.allaboutbirds.org/guide/Pectoral_Sandpiper/overview
Pelagic_Cormorant,Pelagic Cormorant,Urile pelagicus,https://www.allaboutbirds.org/guide/Pelagic_Cormorant/overview
Peregrine_Falcon,Peregrine Falcon,Falco peregrinus,https://www.allaboutbirds.org/guide/Peregrine_Falcon/overview
Phainopepla,Phainopepla,Phainopepla nitens,https://www.allaboutbirds.org/guide/Phainopepla/overview
Philadelphia_Vireo,Philadelphia Vireo,Vireo philadelphicus,https://www.allaboutbirds.org/guide/Philadelphia_Vireo/overview
Pied-billed_Grebe,Pied-billed Grebe,Podilymbus podiceps,https://www.allaboutbirds.org/guide/Pied-billed_Grebe/overview
Pigeon_Guillemot,Pigeon Guillemot,Cepphus columba,https://www.allaboutbirds.org/guide/Pigeon_Guillemot/overview
Pileated_Woodpecker,Pileated Woodpecker,Dryocopus pileatus,https://www.allaboutbirds.org/guide/Pileated_Woodpecker/overview
Pin-tailed_Whydah,Pin-tailed Whydah,Vidua macroura,https://www.allaboutbirds.org/guide/Pin-tailed_Whydah/overview
Pine_Grosbeak,Pine Grosbeak,Pinicola enucleator,https://www.allaboutbirds.org/guide/Pine_Grosbeak/overview
Pine_Siskin,Pine Siskin,Spinus pinus,https://www.allaboutbirds.org/guide/Pine_Siskin/overview
Pink-footed_Goose,Pink-footed Goose,Anser brachyrhynchus,https://www.allaboutbirds.org/guide/Pink-footed_Goose/overview
Pink-footed_Shearwater,Pink-footed Shearwater,Ardenna creatopus,https://www.allaboutbirds.org/guide/Pink-footed_Shearwater/overview
Pinyon_Jay,Pinyon Jay,Gymnorhinus cyanocephalus,https://www.allaboutbirds.org/guide/Pinyon_Jay/overview
Piping_Plover,Piping Plover,Charadrius melodus,https://www.allaboutbirds.org/guide/Piping_Plover/overview
Pomarine_Jaeger,Pomarine Jaeger,Stercorarius pomarinus,https://www.allaboutbirds.org/guide/Pomarine_Jaeger/overview
Prairie_Falcon,Prairie Falcon,Falco mexicanus,https://www.allaboutbirds.org/guide/Prairie_Falcon/overview
Prairie_Warbler,Prairie Warbler,Setophaga discolor,https://www.allaboutbirds.org/guide/Prairie_Warbler/overview
Prothonotary_Warbler,Prothonotary Warbler,Protonotaria citrea,https://www.allaboutbirds.org/guide/Prothonotary_Warbler/overview
Providence_Petrel,Providence Petrel,Pterodroma solandri,https://www.allaboutbirds.org/guide/Providence_Petrel/overview
Purple_Finch,Purple Finch,Haemorhous purpureus,https://www.allaboutbirds.org/guide/Purple_Finch/overview
Purple_Gallinule,Purple Gallinule,Porphyrio martinica,https://www.allaboutbirds.org/guide/Purple_Gallinule/overview
Purple_Martin,Purple Martin,Progne subis,https://www.allaboutbirds.org/guide/Purple_Martin/overview
Pygmy_Nuthatch,Pygmy Nuthatch,Sitta pygmaea,https://www.allaboutbirds.org/guide/Pygmy_Nuthatch/overview
Red_Crossbill,Red Crossbill,Loxia curvirostra,https://www.allaboutbirds.org/guide/Red_Crossbill/overview
Red_Junglefowl,Red Junglefowl,Gallus gallus,https://www.allaboutbirds.org/guide/Red_Junglefowl/overview
Red_Knot,Red Knot,Calidris canutus,https://www.allaboutbirds.org/guide/Red_Knot/overview
Red_Phalarope,Red Phalarope,Phalaropus fulicarius,https://www.allaboutbirds.org/guide/Red_Phalarope/overview
Red-billed_Tropicbird,Red-billed Tropicbird,Phaethon aethereus,https://www.allaboutbirds.org/guide/Red-billed_Tropicbird/overview
Red-breasted_Merganser,Red-breasted Merganser,Mergus serrator,https://www.allaboutbirds.org/guide/Red-breasted_Merganser/overview
Red-breasted_Nuthatch,Red-breasted Nuthatch,Sitta canadensis,https://www.allaboutbirds.org/guide/Red-breasted_Nuthatch/overview
Red-breasted_Sapsucker,Red-breasted Sapsucker,Sphyrapicus ruber,https://www.allaboutbirds.org/guide/Red-breasted_Sapsucker/overview
Red-eyed_Vireo,Red-eyed Vireo,Vireo olivaceus,https://www.allaboutbirds.org/guide/Red-eyed_Vireo/overview
Red-flanked_Bluetail,Red-flanked Bluetail,Tarsiger cyanurus,https://www.allaboutbirds.org/guide/Red-flanked_Bluetail/overview
Red-footed_Booby,Red-footed Booby,Sula sula,https://www.allaboutbirds.org/guide/Red-footed_Booby/overview
Red-legged_Kittiwake,Red-legged Kittiwake,Rissa brevirostris,https://www.allaboutbirds.org/guide/Red-legged_Kittiwake/overview
Red-legged_Partridge,Red-legged Partridge,Alectoris rufa,https://www.allaboutbirds.org/guide/Red-legged_Partridge/overview
Red-masked_Parakeet,Red-masked Parakeet,Psittacara erythrogenys,https://www.allaboutbirds.org/guide/Red-masked_Parakeet/overview
Red-naped_Sapsucker,Red-naped Sapsucker,Sphyrapicus nuchalis,https://www.allaboutbirds.org/guide/Red-naped_Sapsucker/overview
Red-necked_Grebe,Red-necked Grebe,Podiceps grisegena,https://www.allaboutbirds.org/guide/Red-necked_Grebe/overview
Red-necked_Phalarope,Red-necked Phalarope,Phalaropus lobatus,https://www.allaboutbirds.org/guide/Red-necked_Phalarope/overview
Red-necked_Stint,Red-necked Stint,Calidris ruficollis,https://www.allaboutbirds.org/guide/Red-necked_Stint/overview
Red-rumped_Parrot,Red-rumped Parrot,Psephotus haematonotus,https://www.allaboutbirds.org/guide/Red-rumped_Parrot/overview
Red-shouldered_Hawk,Red-shouldered Hawk,Buteo lineatus,https://www.allaboutbirds.org/guide/Red-shouldered_Hawk/overview
Red-tailed_Hawk,Red-tailed Hawk,Buteo jamaicensis,https://www.allaboutbirds.org/guide/Red-tailed_Hawk/overview
Red-throated_Loon,Red-throated Loon,Gavia stellata,https://www.allaboutbirds.org/guide/Red-throated_Loon/overview
Red-throated_Pipit,Red-throated Pipit,Anthus cervinus,https://www.allaboutbirds.org/guide/Red-throated_Pipit/overview
Red-winged_Blackbird,Red-winged Blackbird,Agelaius phoeniceus,https://www.allaboutbirds.org/guide/Red-winged_Blackbird/overview
Redhead,Redhead,Aythya americana,https://www.allaboutbirds.org/guide/Redhead/overview
Redwing,Redwing,Turdus iliacus,https://www.allaboutbirds.org/guide/Redwing/overview
Reevess_Pheasant,Reeves's Pheasant,Syrmaticus reevesii,https://www.allaboutbirds.org/guide/Reevess_Pheasant/overview
Rhinoceros_Auklet,Rhinoceros Auklet,Cerorhinca monocerata,https://www.allaboutbirds.org/guide/Rhinoceros_Auklet/overview
Ring-billed_Gull,Ring-billed Gull,Larus delawarensis,https://www.allaboutbirds.org/guide/Ring-billed_Gull/overview
Ring-necked_Duck,Ring-necked Duck,Aythya collaris,https://www.allaboutbirds.org/guide/Ring-necked_Duck/overview
Ring-necked_Pheasant,Ring-necked Pheasant,Phasianus colchicus,https://www.allaboutbirds.org/guide/Ring-necked_Pheasant/overview
Ringed_Teal,Ringed Teal,Callonetta leucophrys,https://www.allaboutbirds.org/guide/Ringed_Teal/overview
Rock_Pigeon,Rock Pigeon,Columba livia,https://www.allaboutbirds.org/guide/Rock_Pigeon/overview
Rock_Sandpiper,Rock Sandpiper,Calidris ptilocnemis,https://www.allaboutbirds.org/guide/Rock_Sandpiper/overview
Rock_Wren,Rock Wren,Salpinctes obsoletus,https://www.allaboutbirds.org/guide/Rock_Wren/overview
Rose-breasted_Grosbeak,Rose-breasted Grosbeak,Pheucticus ludovicianus,https://www.allaboutbirds.org/guide/Rose-breasted_Grosbeak/overview
Rose-ringed_Parakeet,Rose-ringed Parakeet,Psittacula krameri,https://www.allaboutbirds.org/guide/Rose-ringed_Parakeet/overview
Rosss_Goose,Ross's Goose,Anser rossii,https://www.allaboutbirds.org/guide/Rosss_Goose/overview
Rosss_Gull,Ross's Gull,Rhodostethia rosea,https://www.allaboutbirds.org/guide/Rosss_Gull/overview
Rosy-faced_Lovebird,Rosy-faced Lovebird,Agapornis roseicollis,https://www.allaboutbirds.org/guide/Rosy-faced_Lovebird/overview
Rough-legged_Hawk,Rough-legged Hawk,Buteo lagopus,https://www.allaboutbirds.org/guide/Rough-legged_Hawk/overview
Ruby-crowned_Kinglet,Ruby-crowned Kinglet,Corthylio calendula,https://www.allaboutbirds.org/guide/Ruby-crowned_Kinglet/overview
Ruby-throated_Hummingbird,Ruby-throated Hummingbird,Archilochus colubris,https://www.allaboutbirds.org/guide/Ruby-throated_Hummingbird/overview
Ruddy_Duck,Ruddy Duck,Oxyura jamaicensis,https://www.allaboutbirds.org/guide/Ruddy_Duck/overview
Ruddy_Turnstone,Ruddy Turnstone,Arenaria interpres,https://www.allaboutbirds.org/guide/Ruddy_Turnstone/overview
Ruff,Ruff,Calidris pugnax,https://www.allaboutbirds.org/guide/Ruff/overview
Ruffed_Grouse,Ruffed Grouse,Bonasa umbellus,https://www.allaboutbirds.org/guide/Ruffed_Grouse/overview
Rufous_Hummingbird,Rufous Hummingbird,Selasphorus rufus,https://www.allaboutbirds.org/guide/Rufous_Hummingbird/overview
Rustic_Bunting,Rustic Bunting,Emberiza rustica,https://www.allaboutbirds.org/guide/Rustic_Bunting/overview
Rusty_Blackbird,Rusty Blackbird,Euphagus carolinus,https://www.allaboutbirds.org/guide/Rusty_Blackbird/overview
Sabines_Gull,Sabine's Gull,Xema sabini,https://www.allaboutbirds.org/guide/Sabines_Gull/overview
Sage_Thrasher,Sage Thrasher,Oreoscoptes montanus,https://www.allaboutbirds.org/guide/Sage_Thrasher/overview
Sagebrush_Sparrow,Sagebrush Sparrow,Artemisiospiza nevadensis,https://www.allaboutbirds.org/guide/Sagebrush_Sparrow/overview
Sanderling,Sanderling,Calidris alba,https://www.allaboutbirds.org/guide/Sanderling/overview
Sandhill_Crane,Sandhill Crane,Antigone canadensis,https://www.allaboutbirds.org/guide/Sandhill_Crane/overview
Savannah_Sparrow,Savannah Sparrow,Passerculus sandwichensis,https://www.allaboutbirds.org/guide/Savannah_Sparrow/overview
Says_Phoebe,Say's Phoebe,Sayornis saya,https://www.allaboutbirds.org/guide/Says_Phoebe/overview
Scaled_Quail,Scaled Quail,Callipepla squamata,https://www.allaboutbirds.org/guide/Scaled_Quail/overview
Scarlet_Tanager,Scarlet Tanager,Piranga olivacea,https://www.allaboutbirds.org/guide/Scarlet_Tanager/overview
Scissor-tailed_Flycatcher,Scissor-tailed Flycatcher,Tyrannus forficatus,https://www.allaboutbirds.org/guide/Scissor-tailed_Flycatcher/overview
Scotts_Oriole,Scott's Oriole,Icterus parisorum,https://www.allaboutbirds.org/guide/Scotts_Oriole/overview
Scrippss_Murrelet,Scripps's Murrelet,Synthliboramphus scrippsi,https://www.allaboutbirds.org/guide/Scrippss_Murrelet/overview
Semipalmated_Plover,Semipalmated Plover,Charadrius semipalmatus,https://www.allaboutbirds.org/guide/Semipalmated_Plover/overview
Semipalmated_Sandpiper,Semipalmated Sandpiper,Calidris pusilla,https://www.allaboutbirds.org/guide/Semipalmated_Sandpiper/overview
Sharp-shinned_Hawk,Sharp-shinned Hawk,Accipiter striatus,https://www.allaboutbirds.org/guide/Sharp-shinned_Hawk/overview
Sharp-tailed_Grouse,Sharp-tailed Grouse,Tympanuchus phasianellus,https://www.allaboutbirds.org/guide/Sharp-tailed_Grouse/overview
Sharp-tailed_Sandpiper,Sharp-tailed Sandpiper,Calidris acuminata,https://www.allaboutbirds.org/guide/Sharp-tailed_Sandpiper/overview
Short-billed_Dowitcher,Short-billed Dowitcher,Limnodromus griseus,https://www.allaboutbirds.org/guide/Short-billed_Dowitcher/overview
Short-billed_Gull,Short-billed Gull,Larus brachyrhynchus,https://www.allaboutbirds.org/guide/Short-billed_Gull/overview
Short-eared_Owl,Short-eared Owl,Asio flammeus,https://www.allaboutbirds.org/guide/Short-eared_Owl/overview
Short-tailed_Albatross,Short-tailed Albatross,Phoebastria albatrus,https://www.allaboutbirds.org/guide/Short-tailed_Albatross/overview
Short-tailed_Shearwater,Short-tailed Shearwater,Ardenna tenuirostris,https://www.allaboutbirds.org/guide/Short-tailed_Shearwater/overview
Siberian_Accentor,Siberian Accentor,Prunella montanella,https://www.allaboutbirds.org/guide/Siberian_Accentor/overview
Siberian_Sand-Plover,Siberian Sand-Plover,Anarhynchus mongolus,https://www.allaboutbirds.org/guide/Siberian_Sand-Plover/overview
Slaty-backed_Gull,Slaty-backed Gull,Larus schistisagus,https://www.allaboutbirds.org/guide/Slaty-backed_Gull/overview
Smew,Smew,Mergellus albellus,https://www.allaboutbirds.org/guide/Smew/overview
Smiths_Longspur,Smith's Longspur,Calcarius pictus,https://www.allaboutbirds.org/guide/Smiths_Longspur/overview
Snow_Bunting,Snow Bunting,Plectrophenax nivalis,https://www.allaboutbirds.org/guide/Snow_Bunting/overview
Snow_Goose,Snow Goose,Anser caerulescens,https://www.allaboutbirds.org/guide/Snow_Goose/overview
Snowy_Egret,Snowy Egret,Egretta thula,https://www.allaboutbirds.org/guide/Snowy_Egret/overview
Snowy_Owl,Snowy Owl,Bubo scandiacus,https://www.allaboutbirds.org/guide/Snowy_Owl/overview
Snowy_Plover,Snowy Plover,Anarhynchus nivosus,https://www.allaboutbirds.org/guide/Snowy_Plover/overview
Solitary_Sandpiper,Solitary Sandpiper,Tringa solitaria,https://www.allaboutbirds.org/guide/Solitary_Sandpiper/overview
Song_Sparrow,Song Sparrow,Melospiza melodia,https://www.allaboutbirds.org/guide/Song_Sparrow/overview
Song_Thrush,Song Thrush,Turdus philomelos,https://www.allaboutbirds.org/guide/Song_Thrush/overview
Sooty_Grouse,Sooty Grouse,Dendragapus fuliginosus,https://www.allaboutbirds.org/guide/Sooty_Grouse/overview
Sooty_Shearwater,Sooty Shearwater,Ardenna grisea,https://www.allaboutbirds.org/guide/Sooty_Shearwater/overview
Sora,Sora,Porzana carolina,https://www.allaboutbirds.org/guide/Sora/overview
South_Polar_Skua,South Polar Skua,Stercorarius maccormicki,https://www.allaboutbirds.org/guide/South_Polar_Skua/overview
Spotted_Owl,Spotted Owl,Strix occidentalis,https://www.allaboutbirds.org/guide/Spotted_Owl/overview
Spotted_Redshank,Spotted Redshank,Tringa erythropus,https://www.allaboutbirds.org/guide/Spotted_Redshank/overview
Spotted_Sandpiper,Spotted Sandpiper,Actitis macularius,https://www.allaboutbirds.org/guide/Spotted_Sandpiper/overview
Spotted_Towhee,Spotted Towhee,Pipilo maculatus,https://www.allaboutbirds.org/guide/Spotted_Towhee/overview
Spruce_Grouse,Spruce Grouse,Canachites canadensis,https://www.allaboutbirds.org/guide/Spruce_Grouse/overview
Stellers_Eider,Steller's Eider,Polysticta stelleri,https://www.allaboutbirds.org/guide/Stellers_Eider/overview
Stellers_Jay,Steller's Jay,Cyanocitta stelleri,https://www.allaboutbirds.org/guide/Stellers_Jay/overview
Stilt_Sandpiper,Stilt Sandpiper,Calidris himantopus,https://www.allaboutbirds.org/guide/Stilt_Sandpiper/overview
Summer_Tanager,Summer Tanager,Piranga rubra,https://www.allaboutbirds.org/guide/Summer_Tanager/overview
Surf_Scoter,Surf Scoter,Melanitta perspicillata,https://www.allaboutbirds.org/guide/Surf_Scoter/overview
Surfbird,Surfbird,Calidris virgata,https://www.allaboutbirds.org/guide/Surfbird/overview
Swainsons_Hawk,Swainson's Hawk,Buteo swainsoni,https://www.allaboutbirds.org/guide/Swainsons_Hawk/overview
Swainsons_Thrush,Swainson's Thrush,Catharus ustulatus,https://www.allaboutbirds.org/guide/Swainsons_Thrush/overview
Swallow-tailed_Gull,Swallow-tailed Gull,Creagrus furcatus,https://www.allaboutbirds.org/guide/Swallow-tailed_Gull/overview
Swamp_Sparrow,Swamp Sparrow,Melospiza georgiana,https://www.allaboutbirds.org/guide/Swamp_Sparrow/overview
Swan_Goose,Swan Goose,Anser cygnoides,https://www.allaboutbirds.org/guide/Swan_Goose/overview
Swinhoes_White-eye,Swinhoe's White-eye,Zosterops simplex,https://www.allaboutbirds.org/guide/Swinhoes_White-eye/overview
Taiga_Bean-Goose,Taiga Bean-Goose,Anser fabalis,https://www.allaboutbirds.org/guide/Taiga_Bean-Goose/overview
Temmincks_Stint,Temminck's Stint,Calidris temminckii,https://www.allaboutbirds.org/guide/Temmincks_Stint/overview
Tennessee_Warbler,Tennessee Warbler,Leiothlypis peregrina,https://www.allaboutbirds.org/guide/Tennessee_Warbler/overview
Thick-billed_Longspur,Thick-billed Longspur,Rhynchophanes mccownii,https://www.allaboutbirds.org/guide/Thick-billed_Longspur/overview
Thick-billed_Murre,Thick-billed Murre,Uria lomvia,https://www.allaboutbirds.org/guide/Thick-billed_Murre/overview
Townsends_Solitaire,Townsend's Solitaire,Myadestes townsendi,https://www.allaboutbirds.org/guide/Townsends_Solitaire/overview
Townsends_Warbler,Townsend's Warbler,Setophaga townsendi,https://www.allaboutbirds.org/guide/Townsends_Warbler/overview
Tree_Swallow,Tree Swallow,Tachycineta bicolor,https://www.allaboutbirds.org/guide/Tree_Swallow/overview
Tricolored_Blackbird,Tricolored Blackbird,Agelaius tricolor,https://www.allaboutbirds.org/guide/Tricolored_Blackbird/overview
Tropical_Kingbird,Tropical Kingbird,Tyrannus melancholicus,https://www.allaboutbirds.org/guide/Tropical_Kingbird/overview
Trumpeter_Swan,Trumpeter Swan,Cygnus buccinator,https://www.allaboutbirds.org/guide/Trumpeter_Swan/overview
Tufted_Duck,Tufted Duck,Aythya fuligula,https://www.allaboutbirds.org/guide/Tufted_Duck/overview
Tufted_Puffin,Tufted Puffin,Fratercula cirrhata,https://www.allaboutbirds.org/guide/Tufted_Puffin/overview
Tundra_Swan,Tundra Swan,Cygnus columbianus,https://www.allaboutbirds.org/guide/Tundra_Swan/overview
Turkey_Vulture,Turkey Vulture,Cathartes aura,https://www.allaboutbirds.org/guide/Turkey_Vulture/overview
Upland_Sandpiper,Upland Sandpiper,Bartramia longicauda,https://www.allaboutbirds.org/guide/Upland_Sandpiper/overview
Varied_Thrush,Varied Thrush,Ixoreus naevius,https://www.allaboutbirds.org/guide/Varied_Thrush/overview
Variegated_Flycatcher,Variegated Flycatcher,Empidonomus varius,https://www.allaboutbirds.org/guide/Variegated_Flycatcher/overview
Vauxs_Swift,Vaux's Swift,Chaetura vauxi,https://www.allaboutbirds.org/guide/Vauxs_Swift/overview
Veery,Veery,Catharus fuscescens,https://www.allaboutbirds.org/guide/Veery/overview
Vermilion_Flycatcher,Vermilion Flycatcher,Pyrocephalus rubinus,https://www.allaboutbirds.org/guide/Vermilion_Flycatcher/overview
Vesper_Sparrow,Vesper Sparrow,Pooecetes gramineus,https://www.allaboutbirds.org/guide/Vesper_Sparrow/overview
Village_Weaver,Village Weaver,Ploceus cucullatus,https://www.allaboutbirds.org/guide/Village_Weaver/overview
Violet-green_Swallow,Violet-green Swallow,Tachycineta thalassina,https://www.allaboutbirds.org/guide/Violet-green_Swallow/overview
Virginia_Rail,Virginia Rail,Rallus limicola,https://www.allaboutbirds.org/guide/Virginia_Rail/overview
Wandering_Tattler,Wandering Tattler,Tringa incana,https://www.allaboutbirds.org/guide/Wandering_Tattler/overview
Warbling_Vireo,Warbling Vireo,Vireo gilvus,https://www.allaboutbirds.org/guide/Warbling_Vireo/overview
Wedge-tailed_Shearwater,Wedge-tailed Shearwater,Ardenna pacifica,https://www.allaboutbirds.org/guide/Wedge-tailed_Shearwater/overview
Western_Bluebird,Western Bluebird,Sialia mexicana,https://www.allaboutbirds.org/guide/Western_Bluebird/overview
Western_Cattle_Egret,Western Cattle Egret,Bubulcus ibis,https://www.allaboutbirds.org/guide/Western_Cattle_Egret/overview
Western_Flycatcher,Western Flycatcher,Empidonax difficilis,https://www.allaboutbirds.org/guide/Western_Flycatcher/overview
Western_Grebe,Western Grebe,Aechmophorus occidentalis,https://www.allaboutbirds.org/guide/Western_Grebe/overview
Western_Gull,Western Gull,Larus occidentalis,https://www.allaboutbirds.org/guide/Western_Gull/overview
Western_Kingbird,Western Kingbird,Tyrannus verticalis,https://www.allaboutbirds.org/guide/Western_Kingbird/overview
Western_Meadowlark,Western Meadowlark,Sturnella neglecta,https://www.allaboutbirds.org/guide/Western_Meadowlark/overview
Western_Sandpiper,Western Sandpiper,Calidris mauri,https://www.allaboutbirds.org/guide/Western_Sandpiper/overview
Western_Screech-Owl,Western Screech-Owl,Megascops kennicottii,https://www.allaboutbirds.org/guide/Western_Screech-Owl/overview
Western_Tanager,Western Tanager,Piranga ludoviciana,https://www.allaboutbirds.org/guide/Western_Tanager/overview
Western_Wood-Pewee,Western Wood-Pewee,Contopus sordidulus,https://www.allaboutbirds.org/guide/Western_Wood-Pewee/overview
Whimbrel,Whimbrel,Numenius phaeopus,https://www.allaboutbirds.org/guide/Whimbrel/overview
White_Ibis,White Ibis,Eudocimus albus,https://www.allaboutbirds.org/guide/White_Ibis/overview
White_Wagtail,White Wagtail,Motacilla alba,https://www.allaboutbirds.org/guide/White_Wagtail/overview
White-breasted_Nuthatch,White-breasted Nuthatch,Sitta carolinensis,https://www.allaboutbirds.org/guide/White-breasted_Nuthatch/overview
White-capped_Albatross,White-capped Albatross,Thalassarche cauta,https://www.allaboutbirds.org/guide/White-capped_Albatross/overview
White-cheeked_Pintail,White-cheeked Pintail,Anas bahamensis,https://www.allaboutbirds.org/guide/White-cheeked_Pintail/overview
White-crowned_Sparrow,White-crowned Sparrow,Zonotrichia leucophrys,https://www.allaboutbirds.org/guide/White-crowned_Sparrow/overview
White-eyed_Vireo,White-eyed Vireo,Vireo griseus,https://www.allaboutbirds.org/guide/White-eyed_Vireo/overview
White-faced_Ibis,White-faced Ibis,Plegadis chihi,https://www.allaboutbirds.org/guide/White-faced_Ibis/overview
White-headed_Woodpecker,White-headed Woodpecker,Dryobates albolarvatus,https://www.allaboutbirds.org/guide/White-headed_Woodpecker/overview
White-rumped_Sandpiper,White-rumped Sandpiper,Calidris fuscicollis,https://www.allaboutbirds.org/guide/White-rumped_Sandpiper/overview
White-tailed_Kite,White-tailed Kite,Elanus leucurus,https://www.allaboutbirds.org/guide/White-tailed_Kite/overview
White-tailed_Ptarmigan,White-tailed Ptarmigan,Lagopus leucura,https://www.allaboutbirds.org/guide/White-tailed_Ptarmigan/overview
White-throated_Sparrow,White-throated Sparrow,Zonotrichia albicollis,https://www.allaboutbirds.org/guide/White-throated_Sparrow/overview
White-throated_Swift,White-throated Swift,Aeronautes saxatalis,https://www.allaboutbirds.org/guide/White-throated_Swift/overview
White-winged_Crossbill,White-winged Crossbill,Loxia leucoptera,https://www.allaboutbirds.org/guide/White-winged_Crossbill/overview
White-winged_Dove,White-winged Dove,Zenaida asiatica,https://www.allaboutbirds.org/guide/White-winged_Dove/overview
White-winged_Scoter,White-winged Scoter,Melanitta deglandi,https://www.allaboutbirds.org/guide/White-winged_Scoter/overview
Whooper_Swan,Whooper Swan,Cygnus cygnus,https://www.allaboutbirds.org/guide/Whooper_Swan/overview
Wild_Turkey,Wild Turkey,Meleagris gallopavo,https://www.allaboutbirds.org/guide/Wild_Turkey/overview
Willet,Willet,Tringa semipalmata,https://www.allaboutbirds.org/guide/Willet/overview
Williamsons_Sapsucker,Williamson's Sapsucker,Sphyrapicus thyroideus,https://www.allaboutbirds.org/guide/Williamsons_Sapsucker/overview
Willow_Flycatcher,Willow Flycatcher,Empidonax traillii,https://www.allaboutbirds.org/guide/Willow_Flycatcher/overview
Wilsons_Phalarope,Wilson's Phalarope,Phalaropus tricolor,https://www.allaboutbirds.org/guide/Wilsons_Phalarope/overview
Wilsons_Plover,Wilson's Plover,Anarhynchus wilsonia,https://www.allaboutbirds.org/guide/Wilsons_Plover/overview
Wilsons_Snipe,Wilson's Snipe,Gallinago delicata,https://www.allaboutbirds.org/guide/Wilsons_Snipe/overview
Wilsons_Storm-Petrel,Wilson's Storm-Petrel,Oceanites oceanicus,https://www.allaboutbirds.org/guide/Wilsons_Storm-Petrel/overview
Wilsons_Warbler,Wilson's Warbler,Cardellina pusilla,https://www.allaboutbirds.org/guide/Wilsons_Warbler/overview
Winter_Wren,Winter Wren,Troglodytes hiemalis,https://www.allaboutbirds.org/guide/Winter_Wren/overview
Wood_Duck,Wood Duck,Aix sponsa,https://www.allaboutbirds.org/guide/Wood_Duck/overview
Wood_Sandpiper,Wood Sandpiper,Tringa glareola,https://www.allaboutbirds.org/guide/Wood_Sandpiper/overview
Woodhouses_Scrub-Jay,Woodhouse's Scrub-Jay,Aphelocoma woodhouseii,https://www.allaboutbirds.org/guide/Woodhouses_Scrub-Jay/overview
Yellow_Rail,Yellow Rail,Coturnicops noveboracensis,https://www.allaboutbirds.org/guide/Yellow_Rail/overview
Yellow_Warbler,Yellow Warbler,Setophaga petechia,https://www.allaboutbirds.org/guide/Yellow_Warbler/overview
Yellow-bellied_Flycatcher,Yellow-bellied Flycatcher,Empidonax flaviventris,https://www.allaboutbirds.org/guide/Yellow-bellied_Flycatcher/overview
Yellow-bellied_Sapsucker,Yellow-bellied Sapsucker,Sphyrapicus varius,https://www.allaboutbirds.org/guide/Yellow-bellied_Sapsucker/overview
Yellow-billed_Cuckoo,Yellow-billed Cuckoo,Coccyzus americanus,https://www.allaboutbirds.org/guide/Yellow-billed_Cuckoo/overview
Yellow-billed_Loon,Yellow-billed Loon,Gavia adamsii,https://www.allaboutbirds.org/guide/Yellow-billed_Loon/overview
Yellow-breasted_Chat,Yellow-breasted Chat,Icteria virens,https://www.allaboutbirds.org/guide/Yellow-breasted_Chat/overview
Yellow-crowned_Night_Heron,Yellow-crowned Night Heron,Nyctanassa violacea,https://www.allaboutbirds.org/guide/Yellow-crowned_Night_Heron/overview
Yellow-headed_Blackbird,Yellow-headed Blackbird,Xanthocephalus xanthocephalus,https://www.allaboutbirds.org/guide/Yellow-headed_Blackbird/overview
Yellow-rumped_Warbler,Yellow-rumped Warbler,Setophaga coronata,https://www.allaboutbirds.org/guide/Yellow-rumped_Warbler/overview
Yellow-throated_Vireo,Yellow-throated Vireo,Vireo flavifrons,https://www.allaboutbirds.org/guide/Yellow-throated_Vireo/overview
Yellow-throated_Warbler,Yellow-throated Warbler,Setophaga dominica,https://www.allaboutbirds.org/guide/Yellow-throated_Warbler/overview
Zebra_Finch,Zebra Finch,Taeniopygia guttata,https://www.allaboutbirds.org/guide/Zebra_Finch/overview
Zone-tailed_Hawk,Zone-tailed Hawk,Buteo albonotatus,https://www.allaboutbirds.org/guide/Zone-tailed_Hawk/overview